title,university,form,link,category
Financial Markets,Yale University,course,https://www.coursera.org/learn/financial-markets-global,business/finance
Contabilidad para no contadores,Universidad Nacional Autónoma de México,course,https://www.coursera.org/learn/contabilidad,business/finance
Finanzas personales,Universidad Nacional Autónoma de México,course,https://www.coursera.org/learn/finanzas-personales,business/finance
Finance & Quantitative Modeling for Analysts,University of Pennsylvania,specialization,https://www.coursera.org/specializations/finance-quantitative-modeling-analysts,business/finance
Financial Engineering and Risk Management Part I,Columbia University,course,https://www.coursera.org/learn/financial-engineering-1,business/finance
Business and Financial Modeling,University of Pennsylvania,specialization,https://www.coursera.org/specializations/wharton-business-financial-modeling,business/finance
Fundamentos de Finanzas Empresariales,Universidad de los Andes,course,https://www.coursera.org/learn/finanzas-empresariales,business/finance
Financial Accounting Fundamentals,University of Virginia,course,https://www.coursera.org/learn/uva-darden-financial-accounting,business/finance
The Global Financial Crisis,Yale University,course,https://www.coursera.org/learn/global-financial-crisis,business/finance
Entrepreneurship 1: Developing the Opportunity,University of Pennsylvania,course,https://www.coursera.org/learn/wharton-entrepreneurship-opportunity,business/finance
Personal & Family Financial Planning,University of Florida,course,https://www.coursera.org/learn/family-planning,business/finance
Investment Management,University of Geneva,specialization,https://www.coursera.org/specializations/investment-management,business/finance
Python and Statistics for Financial Analysis,The Hong Kong University of Science and Technology,course,https://www.coursera.org/learn/python-statistics-financial-analysis,business/finance
Marketing Gerencial,Universidad de Chile,course,https://www.coursera.org/learn/marketing-gerencial,business/finance
Private Equity and Venture Capital,Università Bocconi,course,https://www.coursera.org/learn/private-equity,business/finance
Introduction to Corporate Finance,University of Pennsylvania,course,https://www.coursera.org/learn/wharton-finance,business/finance
Financial Management,University of Illinois at Urbana-Champaign,specialization,https://www.coursera.org/specializations/financial-management,business/finance
Trading Strategies in Emerging Markets,Indian School of Business,specialization,https://www.coursera.org/specializations/trading-strategy,business/finance
Финансовые рынки и институты (Financial Markets and Institutions),National Research University Higher School of Economics,course,https://www.coursera.org/learn/finansovye-rynki,business/finance
Finance for Non-Finance Professionals,Rice University,course,https://www.coursera.org/learn/finance-for-non-finance,business/finance
Administração Financeira,Insper,course,https://www.coursera.org/learn/administracao-financeira,business/finance
Understanding Financial Markets,University of Geneva,course,https://www.coursera.org/learn/understanding-financial-markets,business/finance
Trading Basics,Indian School of Business,course,https://www.coursera.org/learn/trading-basics,business/finance
Финансовые инструменты для частного инвестора,National Research University Higher School of Economics,specialization,https://www.coursera.org/specializations/finansovyye-instrumenty,business/finance
"Advanced Valuation and Strategy - M&A, Private Equity, and Venture Capital",Erasmus University Rotterdam,course,https://www.coursera.org/learn/advanced-valuation-and-strategy,business/finance
Managerial Economics and Business Analysis,University of Illinois at Urbana-Champaign,specialization,https://www.coursera.org/specializations/managerial-economics-business-analysis,business/finance
Value Chain Management,University of Illinois at Urbana-Champaign,specialization,https://www.coursera.org/specializations/value-chain-management,business/finance
Machine Learning for Trading,Google Cloud,specialization,https://www.coursera.org/specializations/machine-learning-trading,business/finance
Behavioral Finance,Duke University,course,https://www.coursera.org/learn/duke-behavioral-finance,business/finance
Investment Management with Python and Machine Learning,EDHEC Business School,specialization,https://www.coursera.org/specializations/investment-management-python-machine-learning,business/finance
Financial Markets and Investment Strategy,Indian School of Business,specialization,https://www.coursera.org/specializations/investment-strategy,business/finance
Corporate Finance Essentials,IESE Business School,course,https://www.coursera.org/learn/corporate-finance-essentials,business/finance
Forensic Accounting and Fraud Examination,West Virginia University,course,https://www.coursera.org/learn/forensic-accounting,business/finance
Financial Accounting: Foundations,University of Illinois at Urbana-Champaign,course,https://www.coursera.org/learn/financial-accounting-basics,business/finance
Investment and Portfolio Management,Rice University,specialization,https://www.coursera.org/specializations/investment-portolio-management,business/finance
Introduction to Portfolio Construction and Analysis with Python,EDHEC Business School,course,https://www.coursera.org/learn/introduction-portfolio-construction-python,business/finance
Управление личными финансами,National Research University Higher School of Economics,course,https://www.coursera.org/learn/upravlenie-lichnymi-finansami,business/finance
Rethinking International Tax Law,Universiteit Leiden,course,https://www.coursera.org/learn/international-taxation,business/finance
"Introduction to Trading, Machine Learning & GCP",Google Cloud,course,https://www.coursera.org/learn/introduction-trading-machine-learning-gcp,business/finance
Introduction to Financial Markets,Indian School of Business,course,https://www.coursera.org/learn/financial-markets-intro,business/finance
Financial Planning for Young Adults,University of Illinois at Urbana-Champaign,course,https://www.coursera.org/learn/financial-planning,business/finance
Accounting Analytics,University of Pennsylvania,course,https://www.coursera.org/learn/accounting-analytics,business/finance
Основы корпоративных финансов (Fundamentals of Corporate Finance),National Research University Higher School of Economics,course,https://www.coursera.org/learn/osnovy-korporativnykh-finansov,business/finance
"FinTech: Foundations, Payments, and Regulations",University of Pennsylvania,course,https://www.coursera.org/learn/wharton-fintech-overview-payments-regulations,business/finance
Global Financial Markets and Instruments,Rice University,course,https://www.coursera.org/learn/global-financial-markets-instruments,business/finance
Finance for Non-Financial Professionals,"University of California, Irvine",course,https://www.coursera.org/learn/finance-for-non-finance-managers,business/finance
Consolidando empresas: Estrutura jurídica e financeira,Universidade de São Paulo,course,https://www.coursera.org/learn/consolidando-empresas,business/finance
Financial Technology (Fintech) Innovations,University of Michigan,specialization,https://www.coursera.org/specializations/financialtechnology,business/finance
Foundational Finance for Strategic Decision Making,University of Michigan,specialization,https://www.coursera.org/specializations/foundational-finance,business/finance
Cryptocurrency and Blockchain: An Introduction to Digital Currencies,University of Pennsylvania,course,https://www.coursera.org/learn/wharton-cryptocurrency-blockchain-introduction-digital-currency,business/finance
Essentials of Corporate Finance,The University of Melbourne,specialization,https://www.coursera.org/specializations/learn-finance,business/finance
Finanzas corporativas,Universidad Nacional Autónoma de México,specialization,https://www.coursera.org/specializations/finanzascorporativas,business/finance
Entrepreneurial Finance: Strategy and Innovation,Duke University,specialization,https://www.coursera.org/specializations/entrepreneurial-finance,business/finance
¿Qué hacen los buenos directivos? Prioridades de la Alta Dirección,IESE Business School,course,https://www.coursera.org/learn/alta-direccion,business/finance
Accounting: Principles of Financial Accounting,IESE Business School,course,https://www.coursera.org/learn/financial-accounting,business/finance
International Business Essentials,University of London,specialization,https://www.coursera.org/specializations/mba,business/finance
Portfolio and Risk Management,University of Geneva,course,https://www.coursera.org/learn/portfolio-risk-management,business/finance
Introducción a la Contabilidad Financiera,IESE Business School,course,https://www.coursera.org/learn/contabilidad-financiera,business/finance
Introdução à Análise Macroeconômica,Universidade de São Paulo,course,https://www.coursera.org/learn/introducao-analise-macroeconomica,business/finance
Financial Acumen for Non-Financial Managers,University of Pennsylvania,course,https://www.coursera.org/learn/finance-healthcare-managers,business/finance
La Disrupción del Blockchain,Universidad Austral,course,https://www.coursera.org/learn/blockchain-espanol,business/finance
Financing and Investing in Infrastructure,Università Bocconi,course,https://www.coursera.org/learn/infrastructure-investing,business/finance
Investment Management in an Evolving and Volatile World by HEC Paris and AXA Investment Managers,HEC Paris,course,https://www.coursera.org/learn/investment-management,business/finance
Auditing I: Conceptual Foundations of Auditing,University of Illinois at Urbana-Champaign,course,https://www.coursera.org/learn/auditing-part1-conceptual-foundations,business/finance
The Future of Payment Technologies,University of Michigan,course,https://www.coursera.org/learn/paytech,business/finance
More Introduction to Financial Accounting,University of Pennsylvania,course,https://www.coursera.org/learn/wharton-financial-accounting,business/finance
Ценные бумаги: правовое регулирование,National Research University Higher School of Economics,course,https://www.coursera.org/learn/cennye-bumagi-pravovoe-regulirovanie,business/finance
Investments I: Fundamentals of Performance Evaluation,University of Illinois at Urbana-Champaign,course,https://www.coursera.org/learn/investments-fundamentals,business/finance
Startup Valuation Methods,Duke University,course,https://www.coursera.org/learn/startup-valuation-methods,business/finance
Инвестиции в акции,National Research University Higher School of Economics,course,https://www.coursera.org/learn/investicii-akcii,business/finance
Банковское дело и финансы,Sberbank Corporate University,course,https://www.coursera.org/learn/bankovskoye-delo-finansy,business/finance
Healthcare Marketplace,University of Minnesota,specialization,https://www.coursera.org/specializations/healthcare-marketplace,business/finance
Using Machine Learning in Trading and Finance,New York Institute of Finance,course,https://www.coursera.org/learn/machine-learning-trading-finance,business/finance
Managerial Accounting Fundamentals,University of Virginia,course,https://www.coursera.org/learn/uva-darden-managerial-accounting,business/finance
Firm Level Economics: Consumer and Producer Behavior,University of Illinois at Urbana-Champaign,course,https://www.coursera.org/learn/firm-level-economics,business/finance
Bonds & Stocks,University of Michigan,course,https://www.coursera.org/learn/bonds-and-stocks,business/finance
Understanding Financial Statements: Company Position,University of Illinois at Urbana-Champaign,course,https://www.coursera.org/learn/financial-statements,business/finance
Trading Algorithms,Indian School of Business,course,https://www.coursera.org/learn/trading-algorithm,business/finance
Interest Rate Models,École Polytechnique Fédérale de Lausanne,course,https://www.coursera.org/learn/interest-rate-models,business/finance
Managing Your Money: MBA Insights for Undergraduates,"University of California, Irvine",course,https://www.coursera.org/learn/managingmoney,business/finance
Finance for Non-Financial Managers,Emory University,course,https://www.coursera.org/learn/finance-for-non-financial-managers,business/finance
Accounting for Decision Making,University of Michigan,course,https://www.coursera.org/learn/accounting,business/finance
"Managerial Accounting: Cost Behaviors, Systems, and Analysis",University of Illinois at Urbana-Champaign,course,https://www.coursera.org/learn/accounting-for-managers,business/finance
Corporate Finance I: Measuring and Promoting Value Creation,University of Illinois at Urbana-Champaign,course,https://www.coursera.org/learn/corporate-finance-measure-success,business/finance
The Language and Tools of Financial Analysis,The University of Melbourne,course,https://www.coursera.org/learn/financial-analysis,business/finance
FinTech Law and Policy,Duke University,course,https://www.coursera.org/learn/fintechlawandpolicy,business/finance
Finance for Everyone,McMaster University,specialization,https://www.coursera.org/specializations/finance-for-everyone,business/finance
Administración financiera y su función en la empresa,Universidad Nacional Autónoma de México,course,https://www.coursera.org/learn/admonfinanciera,business/finance
Understanding Modern Finance,Moscow Institute of Physics and Technology,specialization,https://www.coursera.org/specializations/understanding-modern-finance,business/finance
Analysing: Numeric and digital literacies,Macquarie University,specialization,https://www.coursera.org/specializations/analysing-numeric-digital-literacies,business/finance
Основы риск-менеджмента в Банке,Sberbank Corporate University,course,https://www.coursera.org/learn/osnovy-risk-menedzhmenta-v-banke,business/finance
Корпоративные финансы и стоимость компании,National Research University Higher School of Economics,specialization,https://www.coursera.org/specializations/korporativnyye-finansy,business/finance
Finanzas Corporativas,Universidad Austral,course,https://www.coursera.org/learn/finanzas-corporativas,business/finance
Reinforcement Learning for Trading Strategies,New York Institute of Finance,course,https://www.coursera.org/learn/trading-strategies-reinforcement-learning,business/finance
Accounting Analysis I: The Role of Accounting as an Information System,University of Illinois at Urbana-Champaign,course,https://www.coursera.org/learn/accounting-information-system,business/finance
Time Value of Money,University of Michigan,course,https://www.coursera.org/learn/time-value-of-money,business/finance
Инвестиции в облигации,National Research University Higher School of Economics,course,https://www.coursera.org/learn/investicii-obligacii,business/finance
Créer et développer une startup technologique,École Polytechnique,course,https://www.coursera.org/learn/startup-technologique,business/finance
FinTech Foundations and Overview,The Hong Kong University of Science and Technology,course,https://www.coursera.org/learn/fintech,business/finance
Финансы компаний: взгляд инвестора и кредитора,Sberbank Corporate University,course,https://www.coursera.org/learn/finansy-companiy,business/finance
Financial Accounting: Advanced Topics,University of Illinois at Urbana-Champaign,course,https://www.coursera.org/learn/financial-accounting-advanced,business/finance
Portfolio and Risk Management,Indian School of Business,course,https://www.coursera.org/learn/portfolio-management,business/finance
Meeting Investors' Goals,University of Geneva,course,https://www.coursera.org/learn/meeting-investors-goals,business/finance
The Role of Global Capital Markets,The University of Melbourne,course,https://www.coursera.org/learn/capital-markets,business/finance
Financial Engineering and Risk Management Part II,Columbia University,course,https://www.coursera.org/learn/financial-engineering-2,business/finance
"Application of AI, InsurTech, and Real Estate Technology",University of Pennsylvania,course,https://www.coursera.org/learn/wharton-ai-application-insurtech-real-estate-technology,business/finance
Understanding Financial Statements: Company Performance,University of Illinois at Urbana-Champaign,course,https://www.coursera.org/learn/income-statement,business/finance
Advanced Portfolio Construction and Analysis with Python,EDHEC Business School,course,https://www.coursera.org/learn/advanced-portfolio-construction-python,business/finance
Portfolio Selection and Risk Management,Rice University,course,https://www.coursera.org/learn/portfolio-selection-risk-management,business/finance
"Lending, Crowdfunding, and Modern Investing",University of Pennsylvania,course,https://www.coursera.org/learn/wharton-crowdfunding-marketplace-lending-modern-investing,business/finance
Finance for Managers,IESE Business School,course,https://www.coursera.org/learn/operational-finance,business/finance
Matemáticas financieras,Universidad Nacional Autónoma de México,course,https://www.coursera.org/learn/matematicas,business/finance
Blockchain and Cryptocurrency Explained,University of Michigan,course,https://www.coursera.org/learn/crypto-finance,business/finance
Finance for Everyone: Decisions,McMaster University,course,https://www.coursera.org/learn/finance-decisions,business/finance
Das liebe Geld - Finance im Alltag,University of Zurich,course,https://www.coursera.org/learn/finanzen,business/finance
Firm Level Economics: Markets and Allocations,University of Illinois at Urbana-Champaign,course,https://www.coursera.org/learn/firm-level-economics-markets,business/finance
Blockchain Revolution in Financial Services,INSEAD,specialization,https://www.coursera.org/specializations/blockchain-financial-services,business/finance
Keeping up with Change: Issues for the Finance Professional,University of London,course,https://www.coursera.org/learn/change-for-the-finance-professional,business/finance
Оценка стоимости компании,National Research University Higher School of Economics,course,https://www.coursera.org/learn/ocenka-stoimosti-kompanii,business/finance
FinTech and the Transformation in Financial Services,Copenhagen Business School,course,https://www.coursera.org/learn/fintech-transformation-financial-services,business/finance
Corporate Finance II: Financing Investments and Managing Risk,University of Illinois at Urbana-Champaign,course,https://www.coursera.org/learn/corporate-finance-two,business/finance
Global Financing Solutions (by EDHEC and Société Générale),EDHEC Business School,course,https://www.coursera.org/learn/global-financing-solutions,business/finance
Economie du sol et de l'immobilier I,École Polytechnique Fédérale de Lausanne,course,https://www.coursera.org/learn/economie-sol-immobilier-1,business/finance
Finance for Startups,Korea Advanced Institute of Science and Technology(KAIST),course,https://www.coursera.org/learn/finance-for-startups,business/finance
Accounting Data Analytics with Python,University of Illinois at Urbana-Champaign,course,https://www.coursera.org/learn/accounting-data-analytics-python,business/finance
Supply Chain Finance and Blockchain Technology,New York Institute of Finance,specialization,https://www.coursera.org/specializations/supply-chain-finance-and-blockchain-technology,business/finance
Public Economics,National Research University Higher School of Economics,course,https://www.coursera.org/learn/public-economics,business/finance
Портфельные инвестиции: активные и пассивные стратегии,National Research University Higher School of Economics,course,https://www.coursera.org/learn/portfelnyye-investitsii,business/finance
Valuation and Financial Analysis For Startups,Yonsei University,specialization,https://www.coursera.org/specializations/startup-valuation,business/finance
Machine Learning for Accounting with Python,University of Illinois at Urbana-Champaign,course,https://www.coursera.org/learn/machine-learning-accounting-python,business/finance
Healthcare Marketplace,University of Minnesota,course,https://www.coursera.org/learn/healthcare-marketplace,business/finance
Introduction to Accounting Data Analytics and Visualization,University of Illinois at Urbana-Champaign,course,https://www.coursera.org/learn/intro-accounting-data-analytics-visual,business/finance
Python and Machine Learning for Asset Management,EDHEC Business School,course,https://www.coursera.org/learn/python-machine-learning-for-investment-management,business/finance
Introduction to Blockchain for Financial Services,INSEAD,course,https://www.coursera.org/learn/intro-blockchain-financial-services,business/finance
Budgeting essentials and development,Fundação Instituto de Administração,course,https://www.coursera.org/learn/budgeting-essentials-development,business/finance
Mergers and Acquisitions – The Relentless Pursuit of Synergy,Moscow Institute of Physics and Technology,course,https://www.coursera.org/learn/mergers-and-acquisitions,business/finance
Country Level Economics: Macroeconomic Variables and Markets,University of Illinois at Urbana-Champaign,course,https://www.coursera.org/learn/country-level-economics,business/finance
Creating and Developing a Tech Startup,École Polytechnique,course,https://www.coursera.org/learn/tech-startup,business/finance
Investment Strategies and Portfolio Analysis,Rice University,course,https://www.coursera.org/learn/investment-strategies-portfolio-analysis,business/finance
Networks Illustrated: Principles without Calculus,Princeton University,course,https://www.coursera.org/learn/networks-illustrated,business/finance
"Country Level Economics: Policies, Institutions, and Macroeconomic Performance",University of Illinois at Urbana-Champaign,course,https://www.coursera.org/learn/macroeconomic-factors,business/finance
Pharmaceutical and Medical Device Innovations,University of Minnesota,course,https://www.coursera.org/learn/pharma-medical-device-innovations,business/finance
Securing Investment Returns in the Long Run,University of Geneva,course,https://www.coursera.org/learn/investment-returns-long-run,business/finance
Advanced Trading Algorithms,Indian School of Business,course,https://www.coursera.org/learn/advanced-trading-algorithms,business/finance
Innovative Finance: Hacking finance to change the world,University of Cape Town,course,https://www.coursera.org/learn/innovative-finance,business/finance
Accounting and Finance for IT professionals,Indian School of Business,course,https://www.coursera.org/learn/accounting-finance,business/finance
Introducción a las Finanzas,Universidad Nacional Autónoma de México,course,https://www.coursera.org/learn/estrategia-financiera,business/finance
Managerial Accounting: Tools for Facilitating and Guiding Business Decisions,University of Illinois at Urbana-Champaign,course,https://www.coursera.org/learn/managerial-accounting-business-decisions,business/finance
Auditing II: The Practice of Auditing,University of Illinois at Urbana-Champaign,course,https://www.coursera.org/learn/auditing-part2-the-practice,business/finance
Introduction to Supply Chain Finance & Blockchain Technology,New York Institute of Finance,course,https://www.coursera.org/learn/introduction-supply-chain-finance-blockchain-technology,business/finance
Python and Machine-Learning for Asset Management with Alternative Data Sets,EDHEC Business School,course,https://www.coursera.org/learn/machine-learning-asset-management-alternative-data,business/finance
Monetary Policy in the Asia Pacific,The Hong Kong University of Science and Technology,course,https://www.coursera.org/learn/monetary-policy-asia-pacific,business/finance
Finanzas para directivos,IESE Business School,course,https://www.coursera.org/learn/finanzas-operativas,business/finance
Accounting Analysis I: Measurement and Disclosure of Assets,University of Illinois at Urbana-Champaign,course,https://www.coursera.org/learn/asset-measurement-disclosure,business/finance
New Venture Finance: Startup Funding for Entrepreneurs,"University of Maryland, College Park",course,https://www.coursera.org/learn/startup-funding,business/finance
Innovations in Investment Technology: Artificial Intelligence,University of Michigan,course,https://www.coursera.org/learn/invest-tech,business/finance
"Risk, Return & Valuation",University of Michigan,course,https://www.coursera.org/learn/risk-return-and-valuation,business/finance
"Инфраструктура рынка, методы и технологии инвестирования",National Research University Higher School of Economics,course,https://www.coursera.org/learn/infrastruktura-rynka,business/finance
Capital Markets and Financial Institutions – How to Survive Them,Moscow Institute of Physics and Technology,course,https://www.coursera.org/learn/capital-markets-and-financial-institutions,business/finance
Finance for Everyone: Markets,McMaster University,course,https://www.coursera.org/learn/finance-markets,business/finance
Financial Regulation in Emerging Markets and the Rise of Fintech Companies,University of Cape Town,course,https://www.coursera.org/learn/financial-regulation,business/finance
Statistics for International Business,University of London,course,https://www.coursera.org/learn/statistics-international-business,business/finance
Creating a Portfolio,Indian School of Business,course,https://www.coursera.org/learn/investment-portfolio,business/finance
Decision Criteria & Applications,University of Michigan,course,https://www.coursera.org/learn/decision-criteria-and-applications,business/finance
FinTech Security and Regulation (RegTech),The Hong Kong University of Science and Technology,course,https://www.coursera.org/learn/regtech,business/finance
Valuation for Startups Using Discounted Cash Flows Approach,Yonsei University,course,https://www.coursera.org/learn/discounted-cash-flow,business/finance
Behavioral Investing,Indian School of Business,course,https://www.coursera.org/learn/behavioral-investing,business/finance
Investment Strategy,Indian School of Business,course,https://www.coursera.org/learn/investment-philosophy,business/finance
Blockchain Business Models,Duke University,course,https://www.coursera.org/learn/blockchain-business-models,business/finance
Пути выхода на фондовый рынок для частных инвесторов сегмента Mass Retail,Moscow State Institute of International Relations (MGIMO) / МГИМО (Московский государственный институт международных отношений МИД России),course,https://www.coursera.org/learn/vyhoda-na-fondovyj-rynok-mass-retail,business/finance
Financial Risk Management with R,Duke University,course,https://www.coursera.org/learn/financial-risk-management-with-r,business/finance
Accounting for Business Decision Making: Strategy Assessment and Control,University of Illinois at Urbana-Champaign,course,https://www.coursera.org/learn/business-assessment,business/finance
Investments II: Lessons and Applications for Investors,University of Illinois at Urbana-Champaign,course,https://www.coursera.org/learn/investments-applications,business/finance
Налоги и налогообложение: специальные налоговые режимы,Moscow State Institute of International Relations (MGIMO) / МГИМО (Московский государственный институт международных отношений МИД России),course,https://www.coursera.org/learn/specialnye-nalogovye-rezhimy,business/finance
Planning your Client's Wealth over a 5-year Horizon,University of Geneva,course,https://www.coursera.org/learn/wealth-planning-capstone,business/finance
Financing for Startup Businesses,Duke University,course,https://www.coursera.org/learn/financing-startup-businesses,business/finance
"L'impact investing, la finance qui change le monde",ESSEC Business School,specialization,https://www.coursera.org/specializations/impact-investing,business/finance
"Рынки капитала и финансовые институты или ""О чужих деньгах""",Moscow Institute of Physics and Technology,course,https://www.coursera.org/learn/rynki-kapitala-finansovyye-instituty,business/finance
Management and financial accounting: Know your numbers 1,Macquarie University,course,https://www.coursera.org/learn/management-accounting,business/finance
"Raising Capital: Credit Tech, Coin Offerings, and Crowdfunding",University of Michigan,course,https://www.coursera.org/learn/credit-tech,business/finance
Corporate Financial Decision-Making for Value Creation,The University of Melbourne,course,https://www.coursera.org/learn/value-creation,business/finance
Medical Technology and Evaluation,University of Minnesota,course,https://www.coursera.org/learn/healthcare-medical-technology,business/finance
Accounting for Business Decision Making: Measurement and Operational Decisions,University of Illinois at Urbana-Champaign,course,https://www.coursera.org/learn/business-accounting,business/finance
Biases and Portfolio Selection,Rice University,course,https://www.coursera.org/learn/biases-portfolio-selection,business/finance
Demand management: Breaking down today’s commercial silos,ESSEC Business School,course,https://www.coursera.org/learn/demandmanagement,business/finance
Alternative Approaches to Valuation and Investment,The University of Melbourne,course,https://www.coursera.org/learn/valuation,business/finance
L'impact investing : comprendre les fondamentaux,ESSEC Business School,course,https://www.coursera.org/learn/investing-fondamentaux,business/finance
Design your own trading strategy – Culminating Project,Indian School of Business,course,https://www.coursera.org/learn/design-trading-strategy-culminating-project,business/finance
Evaluación de inversiones en Bienes de Capital,Universidad Nacional Autónoma de México,course,https://www.coursera.org/learn/evaluaciondeinversiones,business/finance
Toma de Decisiones Financieras,Universidad Nacional Autónoma de México,course,https://www.coursera.org/learn/proyectofinanzascorporativas,business/finance
"Инвестиционные проекты, слияния и поглощения",National Research University Higher School of Economics,course,https://www.coursera.org/learn/sliyaniye-pogloshcheniye,business/finance
Financial Analysis for Startups,Yonsei University,course,https://www.coursera.org/learn/financial-ratios,business/finance
Financing Infrastructure in African Cities,United Cities and Local Governments of Africa,course,https://www.coursera.org/learn/financing-infrastructure-in-african-cities,business/finance
Valuación de empresas,Universidad Nacional Autónoma de México,course,https://www.coursera.org/learn/valuacionempresas,business/finance
Blockchain,"University of California, Irvine",specialization,https://www.coursera.org/specializations/uci-blockchain,business/finance
Key Success Factors in Supply Chain Finance,New York Institute of Finance,course,https://www.coursera.org/learn/key-success-factors-supply-chain-finance,business/finance
¿Cómo financiar mi empresa?,Universidad de los Andes,course,https://www.coursera.org/learn/financiar-mi-empresa,business/finance
Структура капитала компании,National Research University Higher School of Economics,course,https://www.coursera.org/learn/struktura-kapitala-kompanii,business/finance
Healthcare Delivery Providers,University of Minnesota,course,https://www.coursera.org/learn/healthcare-delivery-providers,business/finance
Estructura de capital y política de dividendos,Universidad Nacional Autónoma de México,course,https://www.coursera.org/learn/estructura,business/finance
The Blockchain,"University of California, Irvine",course,https://www.coursera.org/learn/uciblockchain,business/finance
Financial Management Capstone,University of Illinois at Urbana-Champaign,course,https://www.coursera.org/learn/financial-management-capstone,business/finance
Valuation for Startups Using Multiple Approach,Yonsei University,course,https://www.coursera.org/learn/valuation-multiples,business/finance
Государственное регулирование финансовых рынков на современном этапе,Moscow State Institute of International Relations (MGIMO) / МГИМО (Московский государственный институт международных отношений МИД России),course,https://www.coursera.org/learn/gosudarstve-regulirovaniye-finansovykh-rynkov,business/finance
FinTech Disruptive Innovation: Implications for Society,The Hong Kong University of Science and Technology,course,https://www.coursera.org/learn/fintech-disruption,business/finance
How Entrepreneurs in Emerging Markets can master the Blockchain Technology,University of Cape Town,course,https://www.coursera.org/learn/entrepreneurs-blockchain-technology,business/finance
Principles of Corporate Finance – A Tale of Value,Moscow Institute of Physics and Technology,course,https://www.coursera.org/learn/principles-of-corporate-finance,business/finance
Supply Chain Finance Market and Fintech Ecosystem,New York Institute of Finance,course,https://www.coursera.org/learn/supply-chain-finance-market-fintech-ecosystem,business/finance
Венчурный капитал,National Research University Higher School of Economics,course,https://www.coursera.org/learn/venchurnyj-kapital,business/finance
Цифровые технологии в международных финансах,Moscow State Institute of International Relations (MGIMO) / МГИМО (Московский государственный институт международных отношений МИД России),course,https://www.coursera.org/learn/cifrovye-tekhnologii-v-mezhdunarodnyh-finansah,business/finance
Essentials of Corporate Finance Capstone,The University of Melbourne,course,https://www.coursera.org/learn/financial-analysis-project,business/finance
Future Development in Supply Chain Finance and Blockchain Technology,New York Institute of Finance,course,https://www.coursera.org/learn/future-developments-supply-chain-finance-blockchain-technology,business/finance
"Blockchain, Cryptoassets, and Decentralized Finance",INSEAD,course,https://www.coursera.org/learn/blockchain-crypto-decentralized-finance,business/finance
Blockchain Transformations of Financial Services,INSEAD,course,https://www.coursera.org/learn/blockchain-transformations-financial-services,business/finance
Фінанси для нефінансових спеціалістів,"University of California, Irvine",course,https://www.coursera.org/learn/finansy,business/finance
Управление стоимостью компании,National Research University Higher School of Economics,course,https://www.coursera.org/learn/upravlenie-stoimostju-kompanii,business/finance
Economie du sol et de l'immobilier II,École Polytechnique Fédérale de Lausanne,course,https://www.coursera.org/learn/economie-sol-immobilier-2,business/finance
Core Concepts of Accounting – Numbers and People,Moscow Institute of Physics and Technology,course,https://www.coursera.org/learn/core-concepts-of-accounting,business/finance
Finance For Everyone: Value,McMaster University,course,https://www.coursera.org/learn/finance-value,business/finance
Finance for Everyone: Debt,McMaster University,course,https://www.coursera.org/learn/finance-debt,business/finance
Corporate finance: Know your numbers 2,Macquarie University,course,https://www.coursera.org/learn/corporate-finance-know-your-numbers-2,business/finance
Blockchain in Financial Services: Strategic Action Plan,INSEAD,course,https://www.coursera.org/learn/blockchain-strategic-action-plan,business/finance
L'impact investing : être acteur,ESSEC Business School,course,https://www.coursera.org/learn/impact-investing-etre-acteur,business/finance
Financing and Profiting from Innovation for Corporate Entrepreneurs,"University of Maryland, College Park",course,https://www.coursera.org/learn/corporate-entrepreneurs-financing,business/finance
Applying Investment Decision Rules for Startups,Yonsei University,course,https://www.coursera.org/learn/capital-budgeting,business/finance
L'impact investing : innover,ESSEC Business School,course,https://www.coursera.org/learn/impactinvestinginnover,business/finance
Cryptography and Hashing Overview,"University of California, Irvine",course,https://www.coursera.org/learn/crypto-hashing,business/finance
Целевые капиталы - территория финансовой стабильности в некоммерческом секторе,National Research Tomsk State University,course,https://www.coursera.org/learn/tselevyye-kapitaly,business/finance
Project: Building Candlestick Charts with Google Sheets,Rhyme,course,https://www.coursera.org/learn/building-candlestick-charts-google-sheets,business/finance
Finance for Everyone Capstone Project,McMaster University,course,https://www.coursera.org/learn/finance-capstone,business/finance
Коммерциализация технологий в промышленном комплексе,National Research Nuclear University MEPhI,course,https://www.coursera.org/learn/commercialization-of-technology,business/finance
Capstone: Build a Winning Investment Portfolio,Rice University,course,https://www.coursera.org/learn/investment-portfolio-management-capstone,business/finance
Financial Markets and Investment Strategy Capstone,Indian School of Business,course,https://www.coursera.org/learn/investment-strategy-capstone,business/finance
Capstone Course: Start Up Your Fintech Future,University of Cape Town,course,https://www.coursera.org/learn/startup-fintech-capstone,business/finance
The Blockchain System,"University of California, Irvine",course,https://www.coursera.org/learn/blockchain-system,business/finance
The Merkle Tree and Cryptocurrencies,"University of California, Irvine",course,https://www.coursera.org/learn/merkle-cryptocurrencies,business/finance
Financer un projet à impact social,ESSEC Business School,course,https://www.coursera.org/learn/financer-un-projet,business/finance
Healthcare Marketplace Capstone,University of Minnesota,course,https://www.coursera.org/learn/healthcare-marketplace-capstone,business/finance
Valuation and Financial Analysis For Startups Capstone,Yonsei University,course,https://www.coursera.org/learn/valuation-for-startups-project,business/finance
"Итоговый проект специализации ""Финансовые инструменты для частного инвестора""",National Research University Higher School of Economics,course,https://www.coursera.org/learn/financial-instruments-capstone,business/finance
